{"interactive-discover-1": {"dief@0.1s": {"avg": 0.0, "min": 0.0, "max": 0.0, "std": 0.0}, "dief@1s": {"avg": 232.99894324802753, "min": 0.0, "max": 698.8260956961763, "std": 281.5486556777606}, "dief@10s": {"avg": 3433.5362266589505, "min": 0.27217266999872436, "max": 11082.125843001386, "std": 4042.937927411269}}, "interactive-discover-2": {"dief@0.1s": {"avg": 0.0, "min": 0.0, "max": 0.0, "std": 0.0}, "dief@1s": {"avg": 157.7472650244559, "min": 0.0, "max": 788.1932853342016, "std": 214.60917973293306}, "dief@10s": {"avg": 39549.714203225274, "min": 148.36531162056147, "max": 195383.14384477193, "std": 55846.409058353136}}, "interactive-discover-3": {"dief@0.1s": {"avg": 0.0, "min": 0.0, "max": 0.0, "std": 0.0}, "dief@1s": {"avg": 0.0, "min": 0.0, "max": 0.0, "std": 0.0}, "dief@10s": {"avg": 490.1234336881533, "min": 83.07637882488791, "max": 1396.0456866384984, "std": 430.1714436783173}}, "interactive-discover-4": {"dief@0.1s": {"avg": 0.0, "min": 0.0, "max": 0.0, "std": 0.0}, "dief@1s": {"avg": 0.8409239430121258, "min": 0.0, "max": 2.448386400005461, "std": 1.0357972654075311}, "dief@10s": {"avg": 7.069775258065715, "min": 1.8486022019997108, "max": 14.351252828940233, "std": 4.6288656383354905}}, "interactive-discover-5": {"dief@0.1s": {"avg": 0.0, "min": 0.0, "max": 0.0, "std": 0.0}, "dief@1s": {"avg": 340.2321805230648, "min": 121.61023964200142, "max": 671.6926863190124, "std": 196.30251851594755}, "dief@10s": {"avg": 6181.623078960782, "min": 121.61023964200142, "max": 19694.803645663636, "std": 6412.884736959619}}, "interactive-discover-6": {"dief@0.1s": {"avg": 0.0, "min": 0.0, "max": 0.0, "std": 0.0}, "dief@1s": {"avg": 0.4421484014798955, "min": 0.0, "max": 1.0012269779933831, "std": 0.4256879801856053}, "dief@10s": {"avg": 15943.506175429024, "min": 0.7273584749996189, "max": 62758.56297599049, "std": 22873.215107065935}}, "interactive-discover-7": {"dief@0.1s": {"avg": 0.0, "min": 0.0, "max": 0.0, "std": 0.0}, "dief@1s": {"avg": 0.43099751482634624, "min": 0.0, "max": 1.00197703799671, "std": 0.42996944303865975}, "dief@10s": {"avg": 1.4801728324064178, "min": 0.7462356829988153, "max": 3.61920337001402, "std": 0.8638844794638706}}, "interactive-discover-8": {"dief@0.1s": null, "dief@1s": null, "dief@10s": null}, "interactive-short-1": {"dief@0.1s": {"avg": 0.0, "min": 0.0, "max": 0.0, "std": 0.0}, "dief@1s": {"avg": 0.3242889969759224, "min": 0.3030208289991094, "max": 0.3713660089995585, "std": 0.011377277439096537}, "dief@10s": {"avg": 0.3242889969759224, "min": 0.3030208289991094, "max": 0.3713660089995585, "std": 0.011377277439096537}}, "interactive-short-2": {"dief@0.1s": null, "dief@1s": null, "dief@10s": null}, "interactive-short-3": {"dief@0.1s": null, "dief@1s": null, "dief@10s": null}, "interactive-short-4": {"dief@0.1s": {"avg": 0.0, "min": 0.0, "max": 0.0, "std": 0.0}, "dief@1s": {"avg": 0.5064601521119195, "min": 0.23207187500102577, "max": 0.8336586740048801, "std": 0.22260672070797227}, "dief@10s": {"avg": 0.5064601521119195, "min": 0.23207187500102577, "max": 0.8336586740048801, "std": 0.22260672070797227}}, "interactive-short-5": {"dief@0.1s": {"avg": 0.0, "min": 0.0, "max": 0.0, "std": 0.0}, "dief@1s": {"avg": 0.4387987783520466, "min": 0.0, "max": 0.9955208820014718, "std": 0.3468469305672365}, "dief@10s": {"avg": 0.9084986394400318, "min": 0.34981588699952226, "max": 1.9521217209921815, "std": 0.49666078832532984}}, "interactive-short-6": {"dief@0.1s": null, "dief@1s": null, "dief@10s": null}, "interactive-short-7": {"dief@0.1s": {"avg": 0.0, "min": 0.0, "max": 0.0, "std": 0.0}, "dief@1s": {"avg": 0.0, "min": 0.0, "max": 0.0, "std": 0.0}, "dief@10s": {"avg": 0.0, "min": 0.0, "max": 0.0, "std": 0.0}}}