{"interactive-discover-1": {"dief@0.1s": {"avg": 0.0, "min": 0.0, "max": 0.0, "std": 0.0}, "dief@1s": {"avg": 220.4830108439997, "min": 0.0, "max": 748.5232649999962, "std": 305.59326042799563}, "dief@10s": {"avg": 49904.08598310199, "min": 9157.987442000012, "max": 122731.5303124999, "std": 35881.12846490138}, "dief@lr": {"avg": 11220.827243501995, "min": 0.0, "max": 32123.101800499884, "std": 10089.425206834863}}, "interactive-discover-2": {"dief@0.1s": {"avg": 0.0, "min": 0.0, "max": 0.0, "std": 0.0}, "dief@1s": {"avg": 306.97297015799825, "min": 0.0, "max": 3045.5741240001153, "std": 726.0583253770201}, "dief@10s": {"avg": 485691.7228261181, "min": 216733.2929154996, "max": 1183168.7600125012, "std": 302219.6037846973}, "dief@lr": {"avg": 119745.38697051832, "min": 537.3077604998398, "max": 514975.71411850204, "std": 155867.68548626066}}, "interactive-discover-3": {"dief@0.1s": {"avg": 0.0, "min": 0.0, "max": 0.0, "std": 0.0}, "dief@1s": {"avg": 0.0, "min": 0.0, "max": 0.0, "std": 0.0}, "dief@10s": {"avg": 623680.6126076839, "min": 307300.5420235, "max": 1083636.3711005005, "std": 234888.2288383937}, "dief@lr": {"avg": 97006.35630848355, "min": 100.91298599965376, "max": 305666.93462949956, "std": 73210.91515963791}}, "interactive-discover-4": {"dief@0.1s": {"avg": 0.0, "min": 0.0, "max": 0.0, "std": 0.0}, "dief@1s": {"avg": 64.32853237000009, "min": 0.0, "max": 642.294292000006, "std": 139.89888392743296}, "dief@10s": {"avg": 26614.964263647995, "min": 16257.515263500012, "max": 38350.72526000002, "std": 5241.917324937595}, "dief@lr": {"avg": 1918.3059082479986, "min": 0.33455850002064835, "max": 7762.78710300001, "std": 1842.9119477838206}}, "interactive-discover-5": {"dief@0.1s": {"avg": 0.0, "min": 0.0, "max": 0.0, "std": 0.0}, "dief@1s": {"avg": 735.2172238899994, "min": 0.0, "max": 1966.6289644999852, "std": 891.3861838938086}, "dief@10s": {"avg": 71612.325682558, "min": 27944.44644649999, "max": 163868.0235270001, "std": 53586.69023501961}, "dief@lr": {"avg": 12176.895994557979, "min": 429.02776200000517, "max": 39491.202227000074, "std": 13706.819327870742}}, "interactive-discover-6": {"dief@0.1s": {"avg": 0.0, "min": 0.0, "max": 0.0, "std": 0.0}, "dief@1s": {"avg": 79.86849576000037, "min": 0.0, "max": 272.3577079999959, "std": 102.33384328218797}, "dief@10s": {"avg": 57845.31879918335, "min": 8892.434352000011, "max": 169164.74419449994, "std": 69008.50019176335}, "dief@lr": {"avg": 20042.952298849938, "min": 0.0, "max": 73778.32685049977, "std": 28411.196637890305}}, "interactive-discover-7": {"dief@0.1s": {"avg": 0.0, "min": 0.0, "max": 0.0, "std": 0.0}, "dief@1s": {"avg": 72.48015056666667, "min": 0.0, "max": 266.5459339999943, "std": 100.23637422436607}, "dief@10s": {"avg": 8441.399707613333, "min": 6716.725821, "max": 9266.545933999994, "std": 931.1758083657579}, "dief@lr": {"avg": 200.43052027999744, "min": 0.0, "max": 795.4221649999963, "std": 224.948378408474}}, "interactive-discover-8": {"dief@0.1s": null, "dief@1s": null, "dief@10s": null, "dief@lr": null}, "interactive-short-1": {"dief@0.1s": {"avg": 0.0, "min": 0.0, "max": 0.0, "std": 0.0}, "dief@1s": {"avg": 180.72965417999973, "min": 0.0, "max": 532.6298649999953, "std": 223.5277695039198}, "dief@10s": {"avg": 8704.175958664, "min": 7476.160987999989, "max": 9532.629864999995, "std": 700.3988221194749}, "dief@lr": {"avg": 280.16417546400356, "min": 0.0, "max": 844.5894240000052, "std": 259.97352620178634}}, "interactive-short-2": {"dief@0.1s": null, "dief@1s": null, "dief@10s": null, "dief@lr": null}, "interactive-short-3": {"dief@0.1s": null, "dief@1s": null, "dief@10s": null, "dief@lr": null}, "interactive-short-4": {"dief@0.1s": {"avg": 8.316551020000071, "min": 0.0, "max": 25.850000999998883, "std": 10.327993238533315}, "dief@1s": {"avg": 663.2893592960004, "min": 335.82325099999434, "max": 925.8500009999989, "std": 216.61357024369443}, "dief@10s": {"avg": 9663.289359295999, "min": 9335.823250999994, "max": 9925.850000999999, "std": 216.61357024369443}, "dief@lr": {"avg": 44.57585029600357, "min": 0.0, "max": 125.64412199999788, "std": 37.153664147262425}}, "interactive-short-5": {"dief@0.1s": {"avg": 0.0, "min": 0.0, "max": 0.0, "std": 0.0}, "dief@1s": {"avg": 340.9336788199996, "min": 0.0, "max": 773.1604649999936, "std": 306.50276495338454}, "dief@10s": {"avg": 9215.129982983999, "min": 8222.012663999994, "max": 9773.160464999994, "std": 490.7651092577579}, "dief@lr": {"avg": 100.02352178400103, "min": 0.0, "max": 294.518705999988, "std": 91.82018647238162}}, "interactive-short-6": {"dief@0.1s": null, "dief@1s": null, "dief@10s": null, "dief@lr": null}, "interactive-short-7": {"dief@0.1s": null, "dief@1s": null, "dief@10s": null, "dief@lr": null}}