{"interactive-discover-1": {"dief@0.1s": {"avg": 0.0, "min": 0.0, "max": 0.0, "std": 0.0}, "dief@1s": {"avg": 209.45350281199975, "min": 0.0, "max": 747.7819330000057, "std": 298.70804257130254}, "dief@10s": {"avg": 49261.768429455995, "min": 9108.212443000011, "max": 122666.07096800004, "std": 34987.194214248775}}, "interactive-discover-2": {"dief@0.1s": {"avg": 0.0, "min": 0.0, "max": 0.0, "std": 0.0}, "dief@1s": {"avg": 229.25158503999936, "min": 0.0, "max": 2868.442789499859, "std": 543.1594663497918}, "dief@10s": {"avg": 490767.78698377806, "min": 220535.18221399962, "max": 1212823.1353405, "std": 311408.05101802084}}, "interactive-discover-3": {"dief@0.1s": {"avg": 0.0, "min": 0.0, "max": 0.0, "std": 0.0}, "dief@1s": {"avg": 0.0, "min": 0.0, "max": 0.0, "std": 0.0}, "dief@10s": {"avg": 611357.604951126, "min": 260835.20130700004, "max": 1074232.5151945008, "std": 230005.31250138636}}, "interactive-discover-4": {"dief@0.1s": {"avg": 0.0, "min": 0.0, "max": 0.0, "std": 0.0}, "dief@1s": {"avg": 65.04099306399992, "min": 0.0, "max": 546.0186169999724, "std": 139.54463690680146}, "dief@10s": {"avg": 26442.889877502002, "min": 15471.250563000001, "max": 38144.07836100002, "std": 5206.560907290249}}, "interactive-discover-5": {"dief@0.1s": {"avg": 0.0, "min": 0.0, "max": 0.0, "std": 0.0}, "dief@1s": {"avg": 736.8586060440011, "min": 0.0, "max": 1980.8731434999936, "std": 901.4630399807243}, "dief@10s": {"avg": 71595.73623534, "min": 28554.26473449998, "max": 163331.77761149994, "std": 53576.97019718032}}, "interactive-discover-6": {"dief@0.1s": {"avg": 0.0, "min": 0.0, "max": 0.0, "std": 0.0}, "dief@1s": {"avg": 80.06487793333314, "min": 0.0, "max": 273.2997350000078, "std": 106.45601989138237}, "dief@10s": {"avg": 56683.27075846333, "min": 8912.964538, "max": 165866.54489850014, "std": 67377.11858617839}}, "interactive-discover-7": {"dief@0.1s": {"avg": 0.0, "min": 0.0, "max": 0.0, "std": 0.0}, "dief@1s": {"avg": 73.89976479999945, "min": 0.0, "max": 265.3202590000001, "std": 98.29604286844794}, "dief@10s": {"avg": 8446.85000018, "min": 6634.939522000001, "max": 9265.320259, "std": 928.8277597493602}}, "interactive-discover-8": {"dief@0.1s": null, "dief@1s": null, "dief@10s": null}, "interactive-short-1": {"dief@0.1s": {"avg": 0.0, "min": 0.0, "max": 0.0, "std": 0.0}, "dief@1s": {"avg": 181.72625235999976, "min": 0.0, "max": 534.7014560000098, "std": 224.5641511323205}, "dief@10s": {"avg": 8694.701501667998, "min": 7442.5270410000085, "max": 9534.70145600001, "std": 708.4286707268354}}, "interactive-short-2": {"dief@0.1s": null, "dief@1s": null, "dief@10s": null}, "interactive-short-3": {"dief@0.1s": null, "dief@1s": null, "dief@10s": null}, "interactive-short-4": {"dief@0.1s": {"avg": 8.313119596000062, "min": 0.0, "max": 25.359362999995938, "std": 10.309861470393122}, "dief@1s": {"avg": 660.2101559239994, "min": 361.1058020000055, "max": 925.3593629999959, "std": 218.87221319305505}, "dief@10s": {"avg": 9660.210155924, "min": 9361.105802000005, "max": 9925.359362999996, "std": 218.87221319305502}}, "interactive-short-5": {"dief@0.1s": {"avg": 0.0, "min": 0.0, "max": 0.0, "std": 0.0}, "dief@1s": {"avg": 367.23384874400006, "min": 0.0, "max": 819.4284840000037, "std": 322.7260450220493}, "dief@10s": {"avg": 9245.431549796, "min": 8279.207020000002, "max": 9819.428484000004, "std": 503.2259891926845}}, "interactive-short-6": {"dief@0.1s": null, "dief@1s": null, "dief@10s": null}, "interactive-short-7": {"dief@0.1s": null, "dief@1s": null, "dief@10s": null}}