{"interactive-discover-1": {"dief@0.1s": {"avg": 0.0, "min": 0.0, "max": 0.0, "std": 0.0}, "dief@1s": {"avg": 11.634728933935472, "min": 0.0, "max": 612.9555569831289, "std": 56.76941418226262}, "dief@10s": {"avg": 3530.9781785609434, "min": 0.2522180669983811, "max": 13220.791716266582, "std": 4351.265331550664}}, "interactive-discover-2": {"dief@0.1s": {"avg": 0.0, "min": 0.0, "max": 0.0, "std": 0.0}, "dief@1s": {"avg": 216.91239189815022, "min": 0.0, "max": 1163.210324007611, "std": 430.1227541331544}, "dief@10s": {"avg": 42363.75502764551, "min": 117.09729326183512, "max": 275402.2863894614, "std": 61064.495588977785}}, "interactive-discover-3": {"dief@0.1s": {"avg": 0.0, "min": 0.0, "max": 0.0, "std": 0.0}, "dief@1s": {"avg": 0.0, "min": 0.0, "max": 0.0, "std": 0.0}, "dief@10s": {"avg": 470.6235214646722, "min": 85.41373862988962, "max": 1221.6898002732441, "std": 358.03058114066016}}, "interactive-discover-4": {"dief@0.1s": {"avg": 0.0, "min": 0.0, "max": 0.0, "std": 0.0}, "dief@1s": {"avg": 0.7630647115923973, "min": 0.0, "max": 3.0017132100192043, "std": 1.2392644942430584}, "dief@10s": {"avg": 15.557805740872103, "min": 2.454310517999488, "max": 39.38786427800005, "std": 12.89692660996935}}, "interactive-discover-5": {"dief@0.1s": {"avg": 0.0, "min": 0.0, "max": 0.0, "std": 0.0}, "dief@1s": {"avg": 179.91784523287282, "min": 0.0, "max": 584.7045387400394, "std": 222.92094701118685}, "dief@10s": {"avg": 5025.528308519463, "min": 346.01859930069605, "max": 18968.67119024101, "std": 5799.0423681464345}}, "interactive-discover-6": {"dief@0.1s": {"avg": 0.0, "min": 0.0, "max": 0.0, "std": 0.0}, "dief@1s": {"avg": 0.3466017887334101, "min": 0.0, "max": 0.9637754100020857, "std": 0.4051510578741141}, "dief@10s": {"avg": 14054.099926744786, "min": 0.7267002650001473, "max": 55962.82624316147, "std": 20621.269696446536}}, "interactive-discover-7": {"dief@0.1s": {"avg": 0.0, "min": 0.0, "max": 0.0, "std": 0.0}, "dief@1s": {"avg": 0.3661002351998066, "min": 0.0, "max": 0.9753381820035543, "std": 0.41628641038039477}, "dief@10s": {"avg": 1.5531499998196168, "min": 0.7346797410021964, "max": 3.365060477990255, "std": 0.9288277597491146}}, "interactive-discover-8": {"dief@0.1s": null, "dief@1s": null, "dief@10s": null}, "interactive-short-1": {"dief@0.1s": {"avg": 0.0, "min": 0.0, "max": 0.0, "std": 0.0}, "dief@1s": {"avg": 0.21827374764008642, "min": 0.0, "max": 0.6375669829990329, "std": 0.26899359684169116}, "dief@10s": {"avg": 1.3052984983322564, "min": 0.4652985440022803, "max": 2.5574729590041443, "std": 0.7084286707270956}}, "interactive-short-2": {"dief@0.1s": null, "dief@1s": null, "dief@10s": null}, "interactive-short-3": {"dief@0.1s": null, "dief@1s": null, "dief@10s": null}, "interactive-short-4": {"dief@0.1s": {"avg": 0.0316868804040034, "min": 0.0, "max": 0.09221422199983209, "std": 0.038842230780673004}, "dief@1s": {"avg": 0.33978984407595453, "min": 0.07464063699998036, "max": 0.63889419799807, "std": 0.2188722131930116}, "dief@10s": {"avg": 0.33978984407595453, "min": 0.07464063699998036, "max": 0.63889419799807, "std": 0.2188722131930116}}, "interactive-short-5": {"dief@0.1s": {"avg": 0.0, "min": 0.0, "max": 0.0, "std": 0.0}, "dief@1s": {"avg": 0.39677695058373075, "min": 0.0, "max": 1.0017196479970494, "std": 0.3333688169636548}, "dief@10s": {"avg": 0.7545684502036875, "min": 0.18057151599983, "max": 1.7207929800113106, "std": 0.5032259891925203}}, "interactive-short-6": {"dief@0.1s": null, "dief@1s": null, "dief@10s": null}, "interactive-short-7": {"dief@0.1s": null, "dief@1s": null, "dief@10s": null}}