{"interactive-discover-1": {"dief@0.1s": {"avg": 0.0, "min": 0.0, "max": 0.0, "std": 0.0}, "dief@1s": {"avg": 1699.1446110039976, "min": 0.0, "max": 4974.347872499944, "std": 1682.527611012196}, "dief@10s": {"avg": 55642.557881064, "min": 9687.757970000006, "max": 130974.34787249994, "std": 40368.6228684684}, "dief@lr": {"avg": 16959.299141463987, "min": 529.7705279999936, "max": 40365.91936049993, "std": 14385.804432043571}}, "interactive-discover-2": {"dief@0.1s": {"avg": 0.0, "min": 0.0, "max": 0.0, "std": 0.0}, "dief@1s": {"avg": 1909.5668486060003, "min": 0.0, "max": 9280.090668999997, "std": 3006.709268808318}, "dief@10s": {"avg": 485481.734263802, "min": 206637.4780340001, "max": 1159167.095584001, "std": 279213.832783838}, "dief@lr": {"avg": 119538.5499529303, "min": 10229.501203999644, "max": 490974.0496900019, "std": 131810.038830714}}, "interactive-discover-3": {"dief@0.1s": {"avg": 0.0, "min": 0.0, "max": 0.0, "std": 0.0}, "dief@1s": {"avg": 0.0, "min": 0.0, "max": 0.0, "std": 0.0}, "dief@10s": {"avg": 590125.9404487959, "min": 349702.10258550005, "max": 864797.3917499995, "std": 161386.41443509486}, "dief@lr": {"avg": 85137.72612669802, "min": 0.0, "max": 318789.30904399935, "std": 90509.70126568513}}, "interactive-discover-4": {"dief@0.1s": {"avg": 0.0, "min": 0.0, "max": 0.0, "std": 0.0}, "dief@1s": {"avg": 359.2227790300004, "min": 0.0, "max": 1151.733777500005, "std": 453.5485323417594}, "dief@10s": {"avg": 34930.977683792, "min": 15649.14280699999, "max": 59416.20378899999, "std": 14440.150287337538}, "dief@lr": {"avg": 10246.920516684, "min": 0.0, "max": 28828.26563199998, "std": 11543.795092535127}}, "interactive-discover-5": {"dief@0.1s": {"avg": 0.0, "min": 0.0, "max": 0.0, "std": 0.0}, "dief@1s": {"avg": 1032.1223493879988, "min": 142.9799229999917, "max": 2127.358741000011, "std": 819.4811229312481}, "dief@10s": {"avg": 73258.94713662601, "min": 28889.021566999974, "max": 164510.1334475, "std": 54672.6173211411}, "dief@lr": {"avg": 13818.632185451977, "min": 608.9779949999865, "max": 40133.31214749999, "std": 14760.096479725562}}, "interactive-discover-6": {"dief@0.1s": {"avg": 0.0, "min": 0.0, "max": 0.0, "std": 0.0}, "dief@1s": {"avg": 84.53101195333342, "min": 0.0, "max": 272.6415249999991, "std": 109.2237335276516}, "dief@10s": {"avg": 53567.69342464666, "min": 8922.234702000002, "max": 163783.08350899996, "std": 63091.19051201396}, "dief@lr": {"avg": 16077.273891389957, "min": 29.80034999999043, "max": 68396.6661649998, "std": 23096.12768323909}}, "interactive-discover-7": {"dief@0.1s": {"avg": 0.0, "min": 0.0, "max": 0.0, "std": 0.0}, "dief@1s": {"avg": 75.68233209333314, "min": 0.0, "max": 253.76431699999375, "std": 97.8589561483036}, "dief@10s": {"avg": 8519.827167593334, "min": 6380.796629999997, "max": 9253.764316999994, "std": 863.8844794636159}, "dief@lr": {"avg": 283.25734982666387, "min": 0.0, "max": 1964.8490370000072, "std": 337.30264837431474}}, "interactive-discover-8": {"dief@0.1s": null, "dief@1s": null, "dief@10s": null, "dief@lr": null}, "interactive-short-1": {"dief@0.1s": {"avg": 0.0, "min": 0.0, "max": 0.0, "std": 0.0}, "dief@1s": {"avg": 675.7110030240002, "min": 628.6339909999951, "max": 696.9791710000136, "std": 11.377277439104034}, "dief@10s": {"avg": 9675.711003024, "min": 9628.633990999995, "max": 9696.979171000014, "std": 11.377277439104034}, "dief@lr": {"avg": 1251.6992198240043, "min": 242.53963800000201, "max": 2203.1724740000063, "std": 792.014773190974}}, "interactive-short-2": {"dief@0.1s": null, "dief@1s": null, "dief@10s": null, "dief@lr": null}, "interactive-short-3": {"dief@0.1s": null, "dief@1s": null, "dief@10s": null, "dief@lr": null}, "interactive-short-4": {"dief@0.1s": {"avg": 0.0, "min": 0.0, "max": 0.0, "std": 0.0}, "dief@1s": {"avg": 493.53984788799994, "min": 166.3413259999943, "max": 767.9281250000058, "std": 222.60672070813666}, "dief@10s": {"avg": 9493.539847888, "min": 9166.341325999994, "max": 9767.928125000006, "std": 222.60672070813666}, "dief@lr": {"avg": 0.0, "min": 0.0, "max": 0.0, "std": 0.0}}, "interactive-short-5": {"dief@0.1s": {"avg": 0.0, "min": 0.0, "max": 0.0, "std": 0.0}, "dief@1s": {"avg": 253.20122164799977, "min": 0.0, "max": 650.1841129999957, "std": 251.27424416172025}, "dief@10s": {"avg": 9091.50136056, "min": 8047.878278999997, "max": 9650.184112999996, "std": 496.66078832538824}, "dief@lr": {"avg": 49.786947960000134, "min": 0.0, "max": 281.0250110000052, "std": 86.86163121938804}}, "interactive-short-6": {"dief@0.1s": null, "dief@1s": null, "dief@10s": null, "dief@lr": null}, "interactive-short-7": {"dief@0.1s": {"avg": 0.0, "min": 0.0, "max": 0.0, "std": 0.0}, "dief@1s": {"avg": 0.0, "min": 0.0, "max": 0.0, "std": 0.0}, "dief@10s": {"avg": 0.0, "min": 0.0, "max": 0.0, "std": 0.0}, "dief@lr": {"avg": 0.0, "min": 0.0, "max": 0.0, "std": 0.0}}}