{"interactive-discover-1": {"dief@0.1s": {"avg": 0.0, "min": 0.0, "max": 0.0, "std": 0.0}, "dief@1s": {"avg": 14.01196625361924, "min": 0.0, "max": 682.2846960472278, "std": 75.29737449871449}, "dief@10s": {"avg": 3433.9796062543805, "min": 0.2514767350015461, "max": 13641.528634384626, "std": 4293.8931624335}}, "interactive-discover-2": {"dief@0.1s": {"avg": 0.0, "min": 0.0, "max": 0.0, "std": 0.0}, "dief@1s": {"avg": 219.0205941227409, "min": 0.0, "max": 1163.6535386967664, "std": 438.19956747021763}, "dief@10s": {"avg": 41382.59482598437, "min": 169.52232413820417, "max": 260385.86856660532, "std": 59665.65213231475}}, "interactive-discover-3": {"dief@0.1s": {"avg": 0.0, "min": 0.0, "max": 0.0, "std": 0.0}, "dief@1s": {"avg": 0.0, "min": 0.0, "max": 0.0, "std": 0.0}, "dief@10s": {"avg": 464.57807948033445, "min": 88.38485799014961, "max": 1348.005711462791, "std": 360.734937287684}}, "interactive-discover-4": {"dief@0.1s": {"avg": 0.0, "min": 0.0, "max": 0.0, "std": 0.0}, "dief@1s": {"avg": 0.6677602834080012, "min": 0.0, "max": 2.995542645003752, "std": 1.1782704882162436}, "dief@10s": {"avg": 15.385737405007506, "min": 2.3580297359957285, "max": 39.4120618429215, "std": 12.711016966375905}}, "interactive-discover-5": {"dief@0.1s": {"avg": 0.0, "min": 0.0, "max": 0.0, "std": 0.0}, "dief@1s": {"avg": 188.1159173753149, "min": 0.0, "max": 655.8480415429464, "std": 229.46544126892678}, "dief@10s": {"avg": 5187.893366349639, "min": 349.8690804835713, "max": 19127.86669526904, "std": 6002.826621209916}}, "interactive-discover-6": {"dief@0.1s": {"avg": 0.0, "min": 0.0, "max": 0.0, "std": 0.0}, "dief@1s": {"avg": 0.3934772049937813, "min": 0.0, "max": 1.0018551130038418, "std": 0.41910378290245004}, "dief@10s": {"avg": 14604.136595369137, "min": 0.7276422920016898, "max": 54438.18417770808, "std": 21163.330119927246}}, "interactive-discover-7": {"dief@0.1s": {"avg": 0.0, "min": 0.0, "max": 0.0, "std": 0.0}, "dief@1s": {"avg": 0.3475322995468116, "min": 0.0, "max": 1.0018675169989706, "std": 0.41180896792066085}, "dief@10s": {"avg": 1.558600292386366, "min": 0.7334540660035032, "max": 3.283274178985721, "std": 0.9311758083648617}}, "interactive-discover-8": {"dief@0.1s": null, "dief@1s": null, "dief@10s": null}, "interactive-short-1": {"dief@0.1s": {"avg": 0.0, "min": 0.0, "max": 0.0, "std": 0.0}, "dief@1s": {"avg": 0.21927034582005386, "min": 0.0, "max": 0.6700535599993032, "std": 0.2703499190372198}, "dief@10s": {"avg": 1.2958240413357076, "min": 0.46737013499819113, "max": 2.523839011988457, "std": 0.7003988221189552}}, "interactive-short-2": {"dief@0.1s": null, "dief@1s": null, "dief@10s": null}, "interactive-short-3": {"dief@0.1s": null, "dief@1s": null, "dief@10s": null}, "interactive-short-4": {"dief@0.1s": {"avg": 0.03168344898000464, "min": 0.0, "max": 0.09458175499971588, "std": 0.03884174715348875}, "dief@1s": {"avg": 0.33671064070415174, "min": 0.07414999900046837, "max": 0.6641767490029338, "std": 0.21661357024382513}, "dief@10s": {"avg": 0.33671064070415174, "min": 0.07414999900046837, "max": 0.6641767490029338, "std": 0.21661357024382513}}, "interactive-short-5": {"dief@0.1s": {"avg": 0.0, "min": 0.0, "max": 0.0, "std": 0.0}, "dief@1s": {"avg": 0.375075333399946, "min": 0.0, "max": 1.0013119939989679, "std": 0.32194547640919696}, "dief@10s": {"avg": 0.7848700170160087, "min": 0.22683953499949894, "max": 1.7779873359942258, "std": 0.49076510925787675}}, "interactive-short-6": {"dief@0.1s": null, "dief@1s": null, "dief@10s": null}, "interactive-short-7": {"dief@0.1s": null, "dief@1s": null, "dief@10s": null}}