{"interactive-discover-1": {"nResult": {"avg": 6.6, "min": 1.0, "max": 14.0, "std": 4.363484845854286}, "firstResult": {"avg": 1509.166200364, "min": 251.47673500000383, "max": 3354.508611000012, "std": 927.9515496562624}, "lastResult": {"avg": 2555.71537488, "min": 251.47673500000383, "max": 6141.2660719999985, "std": 2033.464293109258}, "execTime": {"avg": 3645.0849345359998, "min": 847.2906430000003, "max": 6555.499115000013, "std": 2183.544594395025}, "terminationTime": {"avg": 1089.3695596559999, "min": 0.9524380000075325, "max": 4110.766751999996, "std": 1092.7406453858603}, "waitingTime": {"avg": 210.20205189199973, "min": 0.0, "max": 1837.1194470000046, "std": 343.61170239708804}, "dief@0.1s": {"avg": 0.0, "min": 0.0, "max": 0.0, "std": 0.0}, "dief@1s": {"avg": 17.359811623018945, "min": 0.0, "max": 682.2846960472278, "std": 83.63416567129929}, "dief@10s": {"avg": 4271.050906151329, "min": 0.0, "max": 13641.528634384626, "std": 4399.692751677496}}, "interactive-discover-2": {"nResult": {"avg": 88.0, "min": 32.0, "max": 198.0, "std": 59.302613770389584}, "firstResult": {"avg": 1909.8130121599997, "min": 258.22123199999623, "max": 4821.268601000003, "std": 1167.8702401986438}, "lastResult": {"avg": 4028.8437370039996, "min": 938.88777999999, "max": 7056.9547220000095, "std": 2407.702671918695}, "execTime": {"avg": 4028.9351069400004, "min": 938.9746099999902, "max": 7057.0401700000075, "std": 2407.7081156050967}, "terminationTime": {"avg": 0.09136993600032292, "min": 0.05834600000525825, "max": 0.20597899999120273, "std": 0.022614583316770444}, "waitingTime": {"avg": 388.99486756400006, "min": 0.0, "max": 2470.9953430000023, "std": 488.46710534392173}, "dief@0.1s": {"avg": 0.0, "min": 0.0, "max": 0.0, "std": 0.0}, "dief@1s": {"avg": 219.0205941227409, "min": 0.0, "max": 1163.6535386967664, "std": 438.19956747021763}, "dief@10s": {"avg": 41382.59482598437, "min": 169.52232413820417, "max": 260385.86856660532, "std": 59665.65213231475}}, "interactive-discover-3": {"nResult": {"avg": 107.6, "min": 55.0, "max": 203.0, "std": 56.63779656731007}, "firstResult": {"avg": 3666.9292740160004, "min": 1486.216567999989, "max": 6147.807123000006, "std": 1337.623392542846}, "lastResult": {"avg": 3672.6891729040008, "min": 1489.9001839999983, "max": 6154.872657, "std": 1339.3663094991175}, "execTime": {"avg": 3672.8190108000003, "min": 1490.0158939999965, "max": 6155.02943200001, "std": 1339.3520181845417}, "terminationTime": {"avg": 0.12983789600030285, "min": 0.07961399998748675, "max": 3.2189030000008643, "std": 0.19771530934211298}, "waitingTime": {"avg": 0.0, "min": 0.0, "max": 0.0, "std": 0.0}, "dief@0.1s": {"avg": 0.0, "min": 0.0, "max": 0.0, "std": 0.0}, "dief@1s": {"avg": 0.0, "min": 0.0, "max": 0.0, "std": 0.0}, "dief@10s": {"avg": 464.57807948033445, "min": 88.38485799014961, "max": 1348.005711462791, "std": 360.734937287684}}, "interactive-discover-4": {"nResult": {"avg": 4.2, "min": 3.0, "max": 7.0, "std": 1.6}, "firstResult": {"avg": 3139.19836276, "min": 785.8476999999984, "max": 5629.923621000009, "std": 1818.1869204088628}, "lastResult": {"avg": 3139.447240784, "min": 786.0099119999941, "max": 5630.294548999998, "std": 1818.2538170763619}, "execTime": {"avg": 3139.5621045039998, "min": 786.1196539999946, "max": 5630.407537000006, "std": 1818.2523981600707}, "terminationTime": {"avg": 0.11486372000002303, "min": 0.08394799999950919, "max": 0.20077300000411924, "std": 0.011598433340467541}, "waitingTime": {"avg": 0.0, "min": 0.0, "max": 0.0, "std": 0.0}, "dief@0.1s": {"avg": 0.0, "min": 0.0, "max": 0.0, "std": 0.0}, "dief@1s": {"avg": 0.6677602834080012, "min": 0.0, "max": 2.995542645003752, "std": 1.1782704882162436}, "dief@10s": {"avg": 15.385737405007506, "min": 2.3580297359957285, "max": 39.4120618429215, "std": 12.711016966375905}}, "interactive-discover-5": {"nResult": {"avg": 9.0, "min": 3.0, "max": 20.0, "std": 7.127411872482185}, "firstResult": {"avg": 1167.3159232280002, "min": 232.92512500000885, "max": 2951.5716580000008, "std": 838.4758966117348}, "lastResult": {"avg": 1945.3790738480002, "min": 461.3387820000062, "max": 4034.132270999995, "std": 1193.992188148099}, "execTime": {"avg": 1982.8675830200004, "min": 487.2020729999931, "max": 4040.6109460000007, "std": 1203.960051877974}, "terminationTime": {"avg": 37.48850917199993, "min": 2.9365919999981998, "max": 157.3886169999896, "std": 40.570651234139774}, "waitingTime": {"avg": 8.804694816000003, "min": 0.0, "max": 870.3958060000004, "std": 80.68237756422336}, "dief@0.1s": {"avg": 0.0, "min": 0.0, "max": 0.0, "std": 0.0}, "dief@1s": {"avg": 188.1159173753149, "min": 0.0, "max": 655.8480415429464, "std": 229.46544126892678}, "dief@10s": {"avg": 5187.893366349639, "min": 349.8690804835713, "max": 19127.86669526904, "std": 6002.826621209916}}, "interactive-discover-6": {"nResult": {"avg": 9.666666666666666, "min": 1.0, "max": 27.0, "std": 12.256517540566826}, "firstResult": {"avg": 1402.9274469866666, "min": 727.6422920000041, "max": 2808.7733769999904, "std": 739.2229081683901}, "lastResult": {"avg": 2550.9657262999995, "min": 727.6422920000041, "max": 6467.1697279999935, "std": 2356.07931629639}, "execTime": {"avg": 2589.4332115666657, "min": 728.1851800000004, "max": 6467.799157999994, "std": 2404.6369943227955}, "terminationTime": {"avg": 38.46748526666653, "min": 0.1568810000026133, "max": 754.8230970000004, "std": 157.40604090056314}, "waitingTime": {"avg": 488.8277116133332, "min": 0.0, "max": 2011.0106169999926, "std": 708.4640145308958}, "dief@0.1s": {"avg": 0.0, "min": 0.0, "max": 0.0, "std": 0.0}, "dief@1s": {"avg": 0.0, "min": 0.0, "max": 0.0, "std": 0.0}, "dief@10s": {"avg": 42125.60262258965, "min": 0.0, "max": 54438.18417770808, "std": 11517.252468365363}}, "interactive-discover-7": {"nResult": {"avg": 1.0, "min": 1.0, "max": 1.0, "std": 0.0}, "firstResult": {"avg": 1558.6002923866668, "min": 733.4540660000057, "max": 3283.274179, "std": 931.175808365758}, "lastResult": {"avg": 1558.6002923866668, "min": 733.4540660000057, "max": 3283.274179, "std": 931.175808365758}, "execTime": {"avg": 2674.044208766667, "min": 734.4085380000033, "max": 6869.321022000004, "std": 2497.5631038399015}, "terminationTime": {"avg": 1115.4439163800002, "min": 0.2401430000027176, "max": 3636.847913999998, "std": 1577.895211363509}, "waitingTime": {"avg": 0.0, "min": 0.0, "max": 0.0, "std": 0.0}, "dief@0.1s": {"avg": 0.0, "min": 0.0, "max": 0.0, "std": 0.0}, "dief@1s": {"avg": 0.0, "min": 0.0, "max": 0.0, "std": 0.0}, "dief@10s": {"avg": 0.0, "min": 0.0, "max": 0.0, "std": 0.0}}, "interactive-discover-8": {"nResult": null, "firstResult": null, "lastResult": null, "execTime": null, "terminationTime": null, "waitingTime": null, "dief@0.1s": null, "dief@1s": null, "dief@10s": null}, "interactive-short-1": {"nResult": {"avg": 1.0, "min": 1.0, "max": 1.0, "std": 0.0}, "firstResult": {"avg": 1295.8240413360004, "min": 467.37013500000467, "max": 2523.8390120000113, "std": 700.3988221194749}, "lastResult": {"avg": 1295.8240413360004, "min": 467.37013500000467, "max": 2523.8390120000113, "std": 700.3988221194749}, "execTime": {"avg": 1388.0528201920001, "min": 479.75225400000636, "max": 2609.2936340000015, "std": 742.8127716803534}, "terminationTime": {"avg": 92.22877885599976, "min": 12.101911999998265, "max": 203.92235999999684, "std": 70.08138233474719}, "waitingTime": {"avg": 0.0, "min": 0.0, "max": 0.0, "std": 0.0}, "dief@0.1s": {"avg": 0.0, "min": 0.0, "max": 0.0, "std": 0.0}, "dief@1s": {"avg": 0.0, "min": 0.0, "max": 0.0, "std": 0.0}, "dief@10s": {"avg": 0.0, "min": 0.0, "max": 0.0, "std": 0.0}}, "interactive-short-2": {"nResult": null, "firstResult": null, "lastResult": null, "execTime": null, "terminationTime": null, "waitingTime": null, "dief@0.1s": null, "dief@1s": null, "dief@10s": null}, "interactive-short-3": {"nResult": null, "firstResult": null, "lastResult": null, "execTime": null, "terminationTime": null, "waitingTime": null, "dief@0.1s": null, "dief@1s": null,