{"interactive-discover-1": {"nResult": {"avg": 6.6, "min": 1.0, "max": 14.0, "std": 4.363484845854286}, "firstResult": {"avg": 659.3214720520003, "min": 272.1726699999999, "max": 2317.897815000004, "std": 614.4806809783056}, "lastResult": {"avg": 1902.5126164600003, "min": 272.1726699999999, "max": 4529.760222000012, "std": 1794.5933775759422}, "execTime": {"avg": 2012.4470328200005, "min": 283.3181500000064, "max": 4813.784242000009, "std": 1925.1241716285824}, "terminationTime": {"avg": 109.93441636000033, "min": 0.16572099999757484, "max": 573.2233130000095, "std": 212.22038472438422}, "waitingTime": {"avg": 234.27094417600009, "min": 0.0, "max": 1316.851741999999, "std": 446.8894623392862}}, "interactive-discover-2": {"nResult": {"avg": 88.0, "min": 32.0, "max": 198.0, "std": 59.302613770389584}, "firstResult": {"avg": 1252.9555797800003, "min": 292.92901799999527, "max": 3774.8725859999977, "std": 779.1484640666034}, "lastResult": {"avg": 3895.9199919280004, "min": 732.4408220000041, "max": 7085.844631999993, "std": 2495.298449635795}, "execTime": {"avg": 3896.0127090599995, "min": 732.5230869999941, "max": 7085.971346000006, "std": 2495.306069229651}, "terminationTime": {"avg": 0.0927171319994377, "min": 0.06100799998966977, "max": 0.3175160000100732, "std": 0.023754118396383337}, "waitingTime": {"avg": 779.696155292, "min": 0.0, "max": 2361.5902380000043, "std": 799.248428073717}}, "interactive-discover-3": {"nResult": {"avg": 107.6, "min": 55.0, "max": 203.0, "std": 56.63779656731007}, "firstResult": {"avg": 3741.45296504, "min": 1431.3958200000052, "max": 6867.613546000008, "std": 1649.2203621747863}, "lastResult": {"avg": 3747.2344809519996, "min": 1434.3952149999968, "max": 6877.0723480000015, "std": 1651.3224814679152}, "execTime": {"avg": 3747.3523443480003, "min": 1434.525238999995, "max": 6877.213520000005, "std": 1651.3161089363352}, "terminationTime": {"avg": 0.11786339600058272, "min": 0.07797499999287538, "max": 0.17566700000315905, "std": 0.01664298658987274}, "waitingTime": {"avg": 0.0, "min": 0.0, "max": 0.0, "std": 0.0}}, "interactive-discover-4": {"nResult": {"avg": 4.2, "min": 3.0, "max": 7.0, "std": 1.6}, "firstResult": {"avg": 1738.8714556719997, "min": 616.0327309999993, "max": 4783.552693000005, "std": 1353.7610991320148}, "lastResult": {"avg": 1739.1326516159997, "min": 616.2007339999982, "max": 4783.750943000006, "std": 1353.7472504252503}, "execTime": {"avg": 1739.2483853319993, "min": 616.3196020000032, "max": 4783.862844000003, "std": 1353.7472746507885}, "terminationTime": {"avg": 0.11573371599952224, "min": 0.0825429999968037, "max": 0.24162600000272505, "std": 0.015015211285638059}, "waitingTime": {"avg": 0.0, "min": 0.0, "max": 0.0, "std": 0.0}}, "interactive-discover-5": {"nResult": {"avg": 9.0, "min": 3.0, "max": 20.0, "std": 7.127411872482185}, "firstResult": {"avg": 488.17019910400103, "min": 256.22633900000073, "max": 857.0200770000083, "std": 200.48049042617774}, "lastResult": {"avg": 1917.5594436360002, "min": 332.06520899999305, "max": 3525.203840999995, "std": 1286.9801876206698}, "execTime": {"avg": 1951.5748561440007, "min": 350.1518240000005, "max": 3525.8915470000065, "std": 1307.153819232393}, "terminationTime": {"avg": 34.01541250800062, "min": 0.5843800000002375, "max": 146.421445999993, "std": 42.68532558420732}, "waitingTime": {"avg": 217.6214995199998, "min": 0.0, "max": 1206.1278810000076, "std": 415.50627206510285}}, "interactive-discover-6": {"nResult": {"avg": 9.666666666666666, "min": 1.0, "max": 27.0, "std": 12.256517540566826}, "firstResult": {"avg": 1423.7197616800001, "min": 727.3584750000009, "max": 3185.533844999998, "std": 794.2620348015987}, "lastResult": {"avg": 2749.6701490800006, "min": 727.3584750000009, "max": 6970.934422999999, "std": 2655.148360156981}, "execTime": {"avg": 2769.182707633333, "min": 727.5266419999971, "max": 7025.091889999996, "std": 2678.927012403682}, "terminationTime": {"avg": 19.512558553332347, "min": 0.13729400000011083, "max": 1002.3872569999949, "std": 96.50467873102615}, "waitingTime": {"avg": 576.4324334600005, "min": 0.0, "max": 2444.8915620000043, "std": 841.2841583208844}}, "interactive-discover-7": {"nResult": {"avg": 1.0, "min": 1.0, "max": 1.0, "std": 0.0}, "firstResult": {"avg": 1480.1728324066673, "min": 746.2356830000062, "max": 3619.203370000003, "std": 863.8844794636158}, "lastResult": {"avg": 1480.1728324066673, "min": 746.2356830000062, "max": 3619.203370000003, "std": 863.8844794636158}, "execTime": {"avg": 2665.6175069133337, "min": 746.464089000001, "max": 7015.813412999996, "std": 2512.261045983201}, "terminationTime": {"avg": 1185.444674506667, "min": 0.1335220000037225, "max": 4822.531836000009, "std": 1686.4102337757556}, "waitingTime": {"avg": 0.0, "min": 0.0, "max": 0.0, "std": 0.0}}, "interactive-discover-8": {"nResult": null, "firstResult": null, "lastResult": null, "execTime": null, "terminationTime": null, "waitingTime": null}, "interactive-short-1": {"nResult": {"avg": 1.0, "min": 1.0, "max": 1.0, "std": 0.0}, "firstResult": {"avg": 324.28899697599985, "min": 303.0208289999864, "max": 371.36600900000485, "std": 11.377277439104036}, "lastResult": {"avg": 324.28899697599985, "min": 303.0208289999864, "max": 371.36600900000485, "std": 11.377277439104036}, "execTime": {"avg": 324.4322779399995, "min": 303.1596169999975, "max": 371.52166600000055, "std": 11.377930844946617}, "terminationTime": {"avg": 0.1432809639996267, "min": 0.13397799999802373, "max": 0.20161499999812804, "std": 0.0061549533447867125}, "waitingTime": {"avg": 0.0, "min": 0.0, "max": 0.0, "std": 0.0}}, "interactive-short-2": {"nResult": null, "firstResult": null, "lastResult": null, "execTime": null, "terminationTime": null, "waitingTime": null}, "interactive-short-3": {"nResult": null, "firstResult": null, "lastResult": null, "execTime": null, "terminationTime": null, "waitingTime": null}, "interactive-short-4": {"nResult": {"avg": 1.0, "min": 1.0, "max": 1.0, "std": 0.0}, "firstResult": {"avg": 506.46015211200006, "min": 232.07187499999418, "max": 833.6586740000057, "std": 222.60672070813666}, "lastResult": {"avg": 506.46015211200006, "min": 232.07187499999418, "max": 833.6586740000057, "std": 222.60672070813666}, "execTime": {"avg": 515.771239916, "min": 243.4132799999934, "max": 836.7940030000027, "std": 215.3357462575751}, "terminationTime": {"avg": 9.311087803999952, "min": 2.8890900000114925, "max": 30.01664499999606, "std": 9.007844476228774}, "waitingTime": {"avg": 0.0, "min": 0.0, "max": 0.0, "std": 0.0}}, "interactive-short-5": {"nResult": {"avg": 1.0, "min": 1.0, "max": 1.0, "std": 0.0}, "firstResult": {"avg": 908.4986394400001, "min": 349.8158870000043, "max": 1952.1217210000032, "std": 496.66078832538824}, "lastResult": {"avg": 908.4986394400001, "min": 349.8158870000043, "max": 1952.1217210000032, "std": 496.66078832538824}, "execTime": {"avg": 911.5203398560006, "min": 353.0381080000079, "max": 1955.5005300000048, "std": 496.6685409207979}, "terminationTime": {"avg": 3.0217004160004435, "min": 1.0012820000119973, "max": 5.573088999997708, "std": 0.7995558344214378}, "waitingTime": {"avg": 0.0, "min": 0.0, "max": 0.0, "std": 0.0}}, "interactive-short-6": {"nResult": null, "firstResult": null, "lastResult": null, "execTime": null, "terminationTime": null, "waitingTime": null}, "interactive-short-7": {"nResult": {"avg": 0.0, "min": 0.0, "max": 0.0, "std": 0.0}, "firstResult": null, "lastResult": null, "execTime": {"avg": 9491.19669046, "min": 9294.235182000004, "max": 9772.989770999993, "std": 118.27491495069401}, "terminationTime": null, "waitingTime": {"avg": 0.0, "min": 0.0, "max": 0.0, "std": 0.0}}}