{"interactive-discover-1": {"nResult": {"avg": 6.6, "min": 1.0, "max": 14.0, "std": 4.363484845854286}, "firstResult": {"avg": 1548.9033911159997, "min": 252.21806699999433, "max": 3997.8528099999967, "std": 975.0971861457017}, "lastResult": {"avg": 2613.2608788919997, "min": 252.21806699999433, "max": 5903.279337, "std": 2041.139268124132}, "execTime": {"avg": 3633.241233663999, "min": 839.115484000009, "max": 6537.730358000001, "std": 2173.507544497885}, "terminationTime": {"avg": 1019.9803547719997, "min": 0.9400259999965783, "max": 4300.886822, "std": 1012.3275074966077}, "waitingTime": {"avg": 214.5154551320005, "min": 0.0, "max": 1867.7943490000034, "std": 359.5508541418198}, "dief@0.1s": {"avg": 0.0, "min": 0.0, "max": 0.0, "std": 0.0}, "dief@1s": {"avg": 14.403279529342637, "min": 0.0, "max": 612.9555569831289, "std": 63.00244308604941}, "dief@10s": {"avg": 4391.696127324129, "min": 0.0, "max": 13220.791716266582, "std": 4446.275900930954}}, "interactive-discover-2": {"nResult": {"avg": 88.0, "min": 32.0, "max": 198.0, "std": 59.302613770389584}, "firstResult": {"avg": 1879.118781512, "min": 255.57163799999398, "max": 4168.604536999992, "std": 1117.8991346391667}, "lastResult": {"avg": 4020.7984248039993, "min": 944.5384610000037, "max": 7080.754085000008, "std": 2386.855475381466}, "execTime": {"avg": 4020.892950931999, "min": 944.618570000006, "max": 7080.881899, "std": 2386.8627131474486}, "terminationTime": {"avg": 0.09452612800017232, "min": 0.06101000000489876, "max": 0.2858459999988554, "std": 0.02884533100405051}, "waitingTime": {"avg": 381.88082705200077, "min": 0.0, "max": 2897.9385350000084, "std": 507.7227519396478}, "dief@0.1s": {"avg": 0.0, "min": 0.0, "max": 0.0, "std": 0.0}, "dief@1s": {"avg": 216.91239189815022, "min": 0.0, "max": 1163.210324007611, "std": 430.1227541331544}, "dief@10s": {"avg": 42363.75502764551, "min": 117.09729326183512, "max": 275402.2863894614, "std": 61064.495588977785}}, "interactive-discover-3": {"nResult": {"avg": 107.6, "min": 55.0, "max": 203.0, "std": 56.63779656731007}, "firstResult": {"avg": 3772.653680064, "min": 1512.0192210000096, "max": 6465.631615000006, "std": 1395.9383834265502}, "lastResult": {"avg": 3778.436331924, "min": 1515.2784050000046, "max": 6472.665315000006, "std": 1397.593772129206}, "execTime": {"avg": 3778.5642841400004, "min": 1515.4357610000006, "max": 6472.774502, "std": 1397.59402633533}, "terminationTime": {"avg": 0.12795221600000514, "min": 0.08036199999332894, "max": 2.636873999988893, "std": 0.1600166681781862}, "waitingTime": {"avg": 0.0, "min": 0.0, "max": 0.0, "std": 0.0}, "dief@0.1s": {"avg": 0.0, "min": 0.0, "max": 0.0, "std": 0.0}, "dief@1s": {"avg": 0.0, "min": 0.0, "max": 0.0, "std": 0.0}, "dief@10s": {"avg": 470.6235214646722, "min": 85.41373862988962, "max": 1221.6898002732441, "std": 358.03058114066016}}, "interactive-discover-4": {"nResult": {"avg": 4.2, "min": 3.0, "max": 7.0, "std": 1.6}, "firstResult": {"avg": 3171.955703736, "min": 817.9385220000113, "max": 5626.417113999996, "std": 1853.8130191790872}, "lastResult": {"avg": 3172.2032279400005, "min": 818.1035059999995, "max": 5626.837754000007, "std": 1853.877832666184}, "execTime": {"avg": 3172.317515384, "min": 818.2201140000107, "max": 5626.951954000004, "std": 1853.8754144645754}, "terminationTime": {"avg": 0.11428744399984134, "min": 0.08330500000738539, "max": 0.17573600000469014, "std": 0.011886493196762379}, "waitingTime": {"avg": 0.0, "min": 0.0, "max": 0.0, "std": 0.0}, "dief@0.1s": {"avg": 0.0, "min": 0.0, "max": 0.0, "std": 0.0}, "dief@1s": {"avg": 0.7630647115923973, "min": 0.0, "max": 3.0017132100192043, "std": 1.2392644942430584}, "dief@10s": {"avg": 15.557805740872103, "min": 2.454310517999488, "max": 39.38786427800005, "std": 12.89692660996935}}, "interactive-discover-5": {"nResult": {"avg": 9.0, "min": 3.0, "max": 20.0, "std": 7.127411872482185}, "firstResult": {"avg": 1183.9391018999997, "min": 227.96283699999913, "max": 2490.7646610000083, "std": 841.7103429873774}, "lastResult": {"avg": 1936.0604054439993, "min": 457.9946090000012, "max": 3820.6710710000043, "std": 1185.7024788764493}, "execTime": {"avg": 1975.1869947279997, "min": 482.88207500000135, "max": 3825.454561000006, "std": 1197.1787028952558}, "terminationTime": {"avg": 39.12658928400016, "min": 2.9795580000063637, "max": 164.52253400000336, "std": 43.81487201631668}, "waitingTime": {"avg": 3.7236133960000006, "min": 0.0, "max": 930.9033490000002, "std": 58.75762830471285}, "dief@0.1s": {"avg": 0.0, "min": 0.0, "max": 0.0, "std": 0.0}, "dief@1s": {"avg": 179.91784523287282, "min": 0.0, "max": 584.7045387400394, "std": 222.92094701118685}, "dief@10s": {"avg": 5025.528308519463, "min": 346.01859930069605, "max": 18968.67119024101, "std": 5799.0423681464345}}, "interactive-discover-6": {"nResult": {"avg": 9.666666666666666, "min": 1.0, "max": 27.0, "std": 12.256517540566826}, "firstResult": {"avg": 1453.7563381466666, "min": 726.7002649999922, "max": 2863.6389860000054, "std": 808.2480487081914}, "lastResult": {"avg": 2575.3280871933343, "min": 726.7002649999922, "max": 6562.999434000012, "std": 2387.929761912375}, "execTime": {"avg": 2649.8415796, "min": 726.8934500000032, "max": 6563.5945800000045, "std": 2486.9461060456156}, "terminationTime": {"avg": 74.51349240666663, "min": 0.1615380000002915, "max": 858.8106540000008, "std": 221.14318765485368}, "waitingTime": {"avg": 489.46436193333346, "min": 0.0, "max": 1917.3321970000106, "std": 712.4621820034457}, "dief@0.1s": {"avg": 0.0, "min": 0.0, "max": 0.0, "std": 0.0}, "dief@1s": {"avg": 0.0, "min": 0.0, "max": 0.0, "std": 0.0}, "dief@10s": {"avg": 40538.95337036276, "min": 0.0, "max": 55962.82624316147, "std": 12369.334535428163}}, "interactive-discover-7": {"nResult": {"avg": 1.0, "min": 1.0, "max": 1.0, "std": 0.0}, "firstResult": {"avg": 1553.1499998200006, "min": 734.6797409999999, "max": 3365.0604779999994, "std": 928.8277597493602}, "lastResult": {"avg": 1553.1499998200006, "min": 734.6797409999999, "max": 3365.0604779999994, "std": 928.8277597493602}, "execTime": {"avg": 2667.084397093334, "min": 735.6460850000003, "max": 6743.717958999987, "std": 2490.864510568813}, "terminationTime": {"avg": 1113.9343972733332, "min": 0.16668500000378117, "max": 3689.3521889999975, "std": 1575.4008142790874}, "waitingTime": {"avg": 0.0, "min": 0.0, "max": 0.0, "std": 0.0}, "dief@0.1s": {"avg": 0.0, "min": 0.0, "max": 0.0, "std": 0.0}, "dief@1s": {"avg": 0.0, "min": 0.0, "max": 0.0, "std": 0.0}, "dief@10s": {"avg": 0.0, "min": 0.0, "max": 0.0, "std": 0.0}}, "interactive-discover-8": {"nResult": null, "firstResult": null, "lastResult": null, "execTime": null, "terminationTime": null, "waitingTime": null, "dief@0.1s": null, "dief@1s": null, "dief@10s": null}, "interactive-short-1": {"nResult": {"avg": 1.0, "min": 1.0, "max": 1.0, "std": 0.0}, "firstResult": {"avg": 1305.2984983320002, "min": 465.2985439999902, "max": 2557.4729589999915, "std": 708.4286707268354}, "lastResult": {"avg": 1305.2984983320002, "min": 465.2985439999902, "max": 2557.4729589999915, "std": 708.4286707268354}, "execTime": {"avg": 1397.1606216720002, "min": 477.5411129999993, "max": 2641.3352599999926, "std": 750.6073997715323}, "terminationTime": {"avg": 91.86212334, "min": 11.997835000001942, "max": 210.11706499999855, "std": 69.95599837458896}, "waitingTime": {"avg": 0.0, "min": 0.0, "max": 0.0, "std": 0.0}, "dief@0.1s": {"avg": 0.0, "min": 0.0, "max": 0.0, "std": 0.0}, "dief@1s": {"avg": 0.0, "min": 0.0, "max": 0.0, "std": 0.0}, "dief@10s": {"avg": 0.0, "min": 0.0, "max": 0.0, "std": 0.0}}, "interactive-short-2": {"nResult": null, "firstResult": null, "lastResult": null, "execTime": null, "terminationTime": null, "waitingTime": null, "dief@0.1s": null, "dief@1s": null, "dief@10s": null}, "interactive-short-3": {"nResult": null, "firstResult": null, "lastResult": null, "execTime": null, "terminationTime": null, "waitingTime": null, "dief@0.1s": null, "dief@1s": null, "dief@10s": null},