{
    "PCC_worse_performance": {
        "PCC": 0.4304545442919988,
        "Pvalue": 0.0001158463971500291
    },
    "PCC_better_performance": {
        "PCC": 0.8441495078938004,
        "Pvalue": 2.9433624931703833e-93
    },
    "PCC_overall": {
        "PCC": 0.5557995411531788,
        "Pvalue": 6.17615048787828e-35
    }
}