{
    "PCC_worse_performance": {
        "PCC": -0.3403103663610289,
        "Pvalue": 0.12121371490012871
    },
    "PCC_better_performance": {
        "PCC": 0.8095916679876142,
        "Pvalue": 6.480135714993358e-100
    },
    "PCC_overall": {
        "PCC": 0.5213257795808949,
        "Pvalue": 1.62627838465949e-32
    }
}