{
    "PCC_worse_performance": {
        "PCC": 0.4365918297936982,
        "Pvalue": 9.006445778132483e-05,
        "slope": 0.04756800189894488
    },
    "PCC_better_performance": {
        "PCC": 0.8441310367496013,
        "Pvalue": 2.997731322456905e-93,
        "slope": 0.9125018135681169
    },
    "PCC_overall": {
        "PCC": 0.5627992776169845,
        "Pvalue": 5.833901247873915e-36,
        "slope": 0.0875754141630435
    }
}