{
    "PCC_worse_performance": {
        "PCC": -0.42704449307529696,
        "Pvalue": 0.020863116255358416
    },
    "PCC_better_performance": {
        "PCC": 0.7634717961720677,
        "Pvalue": 1.0106801612302896e-74
    },
    "PCC_overall": {
        "PCC": 0.5557995411531785,
        "Pvalue": 6.17615048787828e-35
    }
}