{
    "PCC_worse_performance": {
        "PCC": -0.3403103663610289,
        "Pvalue": 0.12121371490012871
    },
    "PCC_better_performance": {
        "PCC": 0.7729694836845002,
        "Pvalue": 1.0338912291153287e-51
    },
    "PCC_overall": {
        "PCC": 0.5528543251120123,
        "Pvalue": 1.7099331149111083e-23
    }
}