{
    "PCC_worse_performance": {
        "PCC": -0.1603106912908922,
        "Pvalue": 0.42442464273831115
    },
    "PCC_better_performance": {
        "PCC": 0.825083349966641,
        "Pvalue": 3.5148037227760576e-63
    },
    "PCC_overall": {
        "PCC": 0.5844718304473915,
        "Pvalue": 1.1101127683305538e-26
    }
}