{
    "PCC_worse_performance": {
        "PCC": -0.19576299149625712,
        "Pvalue": 0.32778110524282394
    },
    "PCC_better_performance": {
        "PCC": 0.8165853971129066,
        "Pvalue": 6.989798690662281e-61
    },
    "PCC_overall": {
        "PCC": 0.5702199564033508,
        "Pvalue": 3.347666222019199e-25
    }
}