{
    "PCC_worse_performance": {
        "PCC": 0.4365918297936982,
        "Pvalue": 9.006445778132447e-05,
        "slope": 0.04756800189894488,
        "r2_lin": 0.19061242584260973,
        "r2_exp": 0.1568681370277819,
        "rmse_lin": 0.49332808197887085,
        "rmse_exp": 0.5035067794013697
    },
    "PCC_better_performance": {
        "PCC": 0.8441310367496013,
        "Pvalue": 2.99773132245688e-93,
        "slope": 0.9125018135681169,
        "r2_lin": 0.7125572072039568,
        "r2_exp": 0.7233386786218281,
        "rmse_lin": 0.15349184766131513,
        "rmse_exp": 0.1505857323697516
    },
    "PCC_overall": {
        "PCC": 0.5627992776169846,
        "Pvalue": 5.83390124787408e-36,
        "slope": 0.0875754141630435,
        "r2_lin": 0.3167430268861996,
        "r2_exp": 0.24038935029244735,
        "rmse_lin": 0.3426149546866218,
        "rmse_exp": 0.3612516185126767
    }
}