{
    "PCC_worse_performance": {
        "PCC": 0.4365918297936982,
        "Pvalue": 9.006445778132483e-05,
        "slope": 0.04756800189894488,
        "r2_lin": 0.1906124258426093,
        "r2_exp": 0.15686813702761082,
        "rmse_lin": 0.493328081978871,
        "rmse_exp": 0.5035067794014207
    },
    "PCC_better_performance": {
        "PCC": 0.8441310367496013,
        "Pvalue": 2.997731322456905e-93,
        "slope": 0.9125018135681169,
        "r2_lin": 0.7125572072039568,
        "r2_exp": 0.7233386786218279,
        "rmse_lin": 0.15349184766131513,
        "rmse_exp": 0.15058573236975165
    },
    "PCC_overall": {
        "PCC": 0.5627992776169845,
        "Pvalue": 5.833901247873915e-36,
        "slope": 0.0875754141630435,
        "r2_lin": 0.3167430268861998,
        "r2_exp": 0.24038935029240904,
        "rmse_lin": 0.34261495468662173,
        "rmse_exp": 0.3612516185126858
    }
}